"gene_id","symbol","description","go_terms","kegg_pathways","cog_category","pfam","clean_label","logFC","logCPM","PValue","FDR","log2FC"
"PSME_20257","IST1","Ist1@2759|A-1","GO:0000785,GO:0003674,GO:0005515,GO:0005575,GO:0005576,GO:0005634,GO:0005635,GO:0005737,GO:0005739,GO:0005768,GO:0005793,GO:0005794,GO:0005813,GO:0005829,GO:0007032,GO:0008104,GO:0008150,GO:0009555,GO:0016197,GO:0019904,GO:0030496,GO:0031410,GO:0032509,GO:0032511,GO:0035578,GO:0036258,GO:0042030,GO:0042802,GO:0043328,GO:0044877,GO:0045184,GO:0045296,GO:0045862,GO:0048672,GO:0048675,GO:0051301,GO:0061640,GO:0061836,GO:0061952,GO:0070062,GO:0090541,GO:0090543,GO:0099638,GO:0180028,GO:1904903","03430,04144","S","Ist1_12_174","IST1 (PSME_20257)",2.51590699019666,6.31,9.07484166163412e-08,0.00143,2.516
"PSME_33053","ADR1","RPW8@131567|A-1*,RPW8@3398|El-12,RPW8@3633|Th-24,RPW8@3629|TA-23,NB-ARC@3398|CpR-30,NB-ARC@3633|MJr-43,NB-ARC@3629|LLe-42,NB-ARC@131567|AC-6","GO:0005575,GO:0009414,GO:0009507,GO:0016301,GO:0042742,GO:0048046,GO:0051707","00561,00564,01100,01110,03083,04016,04070,04075,04120,04141,04626","COG5635","NB-ARC_184_415,RPW8_9_130","ADR1 (PSME_33053)",3.77373643467593,8.2,3.37107524900641e-07,0.00143,3.774
"PSME_51141","LOC107904485","Usp@131567|BZ-9,Usp@35493|AnQ-21,Usp@58023|CbG-24","-","-","COG0589","Usp_203_356,Usp_6_164","LOC107904485 (PSME_51141)",3.62070057858527,7.1,3.4849423652056e-07,0.00143,3.621
"PSME_51302","LOC106763963","Usp@3398|HMM-29,Usp@131567|BZ-9,Usp@2231393|btG-42,Usp@35493|AnQ-21,Usp@58023|CbG-24","-","-","S","Usp_6_153","LOC106763963 (PSME_51302)",5.51421182362861,6.85,2.3856724267645e-07,0.00143,5.514
"PSME_45173","ADR1-L1","RPW8@131567|A-1*,RPW8@3398|El-12,NB-ARC@3398|CpR-30,NB-ARC@131567|AC-6","GO:0005575,GO:0009414,GO:0009507,GO:0016301,GO:0042742,GO:0048046,GO:0051707","00561,00564,01100,01110,03083,04016,04070,04075,04120,04141,04626","COG5635","NB-ARC_191_402,RPW8_9_133","ADR1-L1 (PSME_45173)",3.89654422138016,5.19,2.56084505777682e-07,0.00143,3.897
"PSME_37425","PSME_37425","Glyoxalase@131567|KJ-12!","-","-","COG3324","Glyoxalase_2_121","PSME_37425 (PSME_37425)",2.00135370503829,8.04,1.82174412120472e-07,0.00143,2.001
"PSME_17095","LOC123182051","PP2C@131567|A-1,PP2C@58023|CzJ-27,PP2C@2759|aA-15,PP2C@1437183|FNz-31,PP2C@131567|AK-6,PP2C@3193|BgC-24","GO:0004722,GO:0005515,GO:0005634,GO:0009788,GO:0010030","04016,04075","S","PP2C_142_414","LOC123182051 (PSME_17095)",4.74649574247508,6.95,4.62683130482888e-07,0.00163,4.746
"PSME_08170","HSPRO2","Hs1pro-1_N@33090|A-1,Hs1pro-1_C@2759|A-1","GO:0005515,GO:0005739,GO:0006979,GO:0009751,GO:0042742,GO:0071456","-","S","Hs1pro-1_C_194_471,Hs1pro-1_N_40_191","HSPRO2 (PSME_08170)",2.37769593365827,7.84,6.55926885697366e-07,0.00192,2.378
"PSME_49754","MTP1","Cation_efflux@3193|EAO-27,Cation_efflux@131567|GQ-11","GO:0000325,GO:0005385,GO:0005773,GO:0005774,GO:0005789,GO:0006829,GO:0006882,GO:0009507,GO:0009705,GO:0010038,GO:0010043,GO:0010312,GO:0016020,GO:0030001,GO:0046873,GO:0140486","-","COG1230","Cation_efflux_58_342","MTP1 (PSME_49754)",2.22928922747043,5.74,7.02770402769044e-07,0.00192,2.229
"PSME_03729","LOC103493359","DUF761@131567|A-1*,DUF761@3398|Si-14,DUF761@3193|O-4,DUF4408@131567|A-1*,DUF4408@3398|DS-11,DUF4408@58023|Aq-8","GO:0003674","-","S","DUF4408_46_78,DUF761_305_339","LOC103493359 (PSME_03729)",2.61807670683323,6.29,8.09174383557464e-07,0.00199,2.618
"PSME_32465","LOC109004618","HMA@131567|Rf-14,HMA@1437183|GPk-34,HMA@3398|Dxi-30,HMA@58023|Cye-28","GO:0003674,GO:0005737,GO:0008150","-","S","HMA_33_88","LOC109004618 (PSME_32465)",3.35930544311715,7.26,1.21803616177382e-06,0.00257,3.359
"PSME_37536","LOC107831225","KIP1@131567|A-1*,KIP1@1437183|KZ-17,KIP1@58023|Ai-10,KIP1@4143|ik-23,KIP1@35493|e-7","GO:0005576,GO:0005737,GO:0005774,GO:0005884","-","S","KIP1_11_84","LOC107831225 (PSME_37536)",1.98613458653425,6.24,1.3044102155657e-06,0.00257,1.986
"PSME_24352","CCA1","Myb_DNA-binding@2759|yY-24,Myb_DNA-binding@131567|uI-23","GO:0000976,GO:0000987,GO:0003677,GO:0003700,GO:0005515,GO:0005634,GO:0006355,GO:0007623,GO:0009408,GO:0009409,GO:0010378,GO:0010468,GO:0042752,GO:0042754,GO:0043254,GO:0043565,GO:0045892,GO:0045893,GO:0048574","04712","S","Myb_DNA-binding_24_67","CCA1 (PSME_24352)",2.72527923471546,6.84,1.35614393507169e-06,0.00257,2.725
"PSME_51055","LOC107924109","UNK.4PKE@3398|A-1","-","-","S","-","LOC107924109 (PSME_51055)",2.04648553835267,4.77,1.47482601840485e-06,0.00259,2.046
"PSME_19321","LOC103719885","EF-hand_7@131567|ZK-16","GO:0000139,GO:0001772,GO:0002115,GO:0003924,GO:0003925,GO:0005509,GO:0005515,GO:0005525,GO:0005576,GO:0005737,GO:0005764,GO:0005769,GO:0005770,GO:0005794,GO:0005815,GO:0005829,GO:0005886,GO:0005930,GO:0008104,GO:0016020,GO:0016197,GO:0019003,GO:0031982,GO:0032237,GO:0032588,GO:0033093,GO:0034776,GO:0035580,GO:0036019,GO:0042802,GO:0045063,GO:0046330,GO:0048471,GO:0051928,GO:0070625","00190,04010,04014,04015,04062,04144,04611,05200","-","EF-hand_7_33_101","LOC103719885 (PSME_19321)",3.07044622791829,8.14,1.84711811601489e-06,0.00303,3.07
"PSME_50895","LOC104600692","Glyco_hydro_32C@3193|IW-12,Glyco_hydro_32C@1462614|Atp-23,Glyco_hydro_32C@1437183|zC-19,Glyco_hydro_32C@3398|hl-17,Glyco_hydro_32C@2759|B-2!,Glyco_hydro_32N@1462614|CEC-33,Glyco_hydro_32N@3398|AfM-28,Glyco_hydro_32N@3193|dV-22,Glyco_hydro_32N@1437183|BGp-30,Glyco_hydro_32N@131567|EQ-11","GO:0000325,GO:0004564,GO:0005515,GO:0005576,GO:0005634,GO:0005886,GO:0009505,GO:0009611,GO:0010494,GO:0050832","00052,00500,01100,01110","COG1621","Glyco_hydro_32C_368_564,Glyco_hydro_32N_50_365","LOC104600692 (PSME_50895)",2.76538895947325,6.73,2.06228106608364e-06,0.00317,2.765
"PSME_47043","LOC101498482","Pmp3@131567|BC-9!,Pmp3@1437183|xN-22!","GO:0003674,GO:0005575,GO:0005576,GO:0050832","-","S","Pmp3_6_52","LOC101498482 (PSME_47043)",4.04330954213732,7.59,2.50803944909307e-06,0.00325,4.043
"PSME_44501","LOC102591258","GRAM@35493|d-6,GRAM@1437183|Of-14,GRAM@2759|B-2!","GO:0003674,GO:0005737,GO:0009536,GO:0009793,GO:0009845,GO:0010029,GO:0098755","-","S","GRAM_170_279","LOC102591258 (PSME_44501)",2.83623072765974,8.69,2.36856919091973e-06,0.00325,2.836
"PSME_49911","D6PKL2","Pkinase|KYHXA5@131567,Pkinase|KYHXA5@2759","GO:0004672,GO:0004674,GO:0005515,GO:0005546,GO:0005547,GO:0005575,GO:0005634,GO:0005730,GO:0005737,GO:0005886,GO:0006468,GO:0009507,GO:0009555,GO:0009630,GO:0009638,GO:0009826,GO:0009860,GO:0009908,GO:0009925,GO:0010314,GO:0010540,GO:0016301,GO:0019901,GO:0032266,GO:0045178,GO:0048364,GO:0048367,GO:0048766,GO:0048825,GO:0062075,GO:0070273,GO:0070300,GO:0071944,GO:0080025,GO:0106310,GO:1901981,GO:2000012,GO:2000114","-","-","Pkinase_223_323,Pkinase_3_165","D6PKL2 (PSME_49911)",4.58966708346018,7.53,2.40353352289893e-06,0.00325,4.59
"PSME_32147","RR21","Myb_DNA-binding@33090|Bhq-32,Myb_DNA-binding@131567|Se-18,Response_reg|WPCHNL@131567,Response_reg|WPCHNL@3193","GO:0000156,GO:0000976,GO:0003700,GO:0005515,GO:0005634,GO:0005737,GO:0005829,GO:0006355,GO:0009414,GO:0009507,GO:0009723,GO:0009735,GO:0009736,GO:0009793,GO:0009873,GO:0010082,GO:0010119,GO:0010150,GO:0010380,GO:0010492,GO:0031537,GO:0048364,GO:0048367,GO:0071368,GO:0080022,GO:0080036,GO:0080113,GO:0090506,GO:1990110","04075","S","Myb_DNA-binding_204_254,Response_reg_33_141","RR21 (PSME_32147)",2.01233903366455,8.37,2.66235708572177e-06,0.00327,2.012
"PSME_27697","LOC109016625","UNK.AUQC@2759|A-1,UNK.AUQC@3398|Bi-12,UNK.AUQC@35493|m-7","GO:0003674,GO:0005634,GO:0008150","-","S","-","LOC109016625 (PSME_27697)",2.33226247024477,7.62,2.79007312601826e-06,0.00327,2.332
"PSME_49960","LOC100836377","Thioredoxin@131567|WD-15,Thioredoxin@4479|eda-45,Thioredoxin@3398|OXQ-35,Thioredoxin@35493|LZH-33","GO:0005515,GO:0005634,GO:0006979,GO:0009414,GO:0009507,GO:0009570,GO:0010286,GO:0016671,GO:0031969,GO:0042742,GO:0045454","00531,01100,04621,05132","S","Thioredoxin_110_176","LOC100836377 (PSME_49960)",1.85743407700366,8.22,3.23036428830987e-06,0.00345,1.857
"PSME_49874","LBD41_4","LOB@131567|A-1*,LOB@3193|CX-11,LOB@2759|B-2,LOB@3398|jJ-22","GO:0001217,GO:0005575,GO:0005634,GO:0006355,GO:0009414,GO:0009739,GO:0071456","-","S","LOB_4_103","LBD41_4 (PSME_49874)",5.38090075518228,5.96,3.16091178254613e-06,0.00345,5.381
"PSME_15491","LOC101498893","UNK.ATRW@131567|A-1*,UNK.ATRW@2231393|BM-11,UNK.ATRW@3398|C-2","-","-","S","-","LOC101498893 (PSME_15491)",3.59367629255278,6.41,3.51421459314132e-06,0.00355,3.594
"PSME_10557","LOC102594416","E1_dh@131567|Bd-9","GO:0005634,GO:0005739,GO:0005829,GO:0008270,GO:0009507,GO:0046686,GO:0050897","00010,00020,00620,00785,01100,01110,01200,01210","COG1071","E1_dh_69_364","LOC102594416 (PSME_10557)",4.11071709707443,5.75,3.61115093977681e-06,0.00355,4.111
"PSME_27306","DRM1","Auxin_repressed@131567|A-1*,Auxin_repressed@33090|Af-9,Auxin_repressed@4070|Nn-18","GO:0003674,GO:0005634,GO:0009744,GO:0009749,GO:0009750","-","S","Auxin_repressed_7_129","DRM1 (PSME_27306)",8.17595967426803,6.42,4.26492748880692e-06,0.00384,8.176
"PSME_18914","PUB16","Arm@3398|ALg-25,Arm@131221|aE-20,Arm@35493|Qp-18,Arm@131567|BR-10,Arm@3193|mr-22,U-box@131567|EK-11,U-box@3398|AGt-22,U-box@3193|qY-20","GO:0003674,GO:0004842,GO:0005515,GO:0005737,GO:0051865,GO:0061630,GO:0070696","04075,04120,04141","S","Arm_402_440,Arm_485_525,U-box_274_344","PUB16 (PSME_18914)",2.9955059002463,6.36,4.52340115179838e-06,0.00384,2.996
"PSME_13197","AIP1","PP2C@131567|A-1,PP2C@2759|aA-15,PP2C@131567|AK-6,PP2C@3398|DbD-28,PP2C@58023|CzK-27,PP2C@3193|BgC-24","GO:0004721,GO:0004722,GO:0005515,GO:0005634,GO:0005737,GO:0005794,GO:0005829,GO:0009409,GO:0009414,GO:0009507,GO:0009658,GO:0009737,GO:0009738,GO:0009788,GO:0009845,GO:0009939,GO:0010030,GO:0010118,GO:0010119,GO:0010150,GO:0010360,GO:0016791,GO:0019900,GO:0019901,GO:0033106,GO:0048838,GO:0051607,GO:0090351,GO:1902039","04016,04075","S","PP2C_117_399","AIP1 (PSME_13197)",2.53436491095338,7.34,4.20147806010103e-06,0.00384,2.534
"PSME_24239","SPS3","Sucrose_synth@3193|Aq-8,Sucrose_synth@2231393|nf-21,Sucrose_synth@131567|B-2,Glycos_transf_1@2231393|AItf-45,Glycos_transf_1@3398|fBY-35,Glycos_transf_1@3193|Yff-33,Glycos_transf_1@131567|AMo-19,S6PP@3398|Sz-18,S6PP@2231393|AHN-27,S6PP@131567|AA-7","GO:0005794,GO:0046524","00500,01100,01110","COG0561","Glycos_transf_1_478_650,S6PP_814_1007,Sucrose_synth_169_434","SPS3 (PSME_24239)",1.80259329156536,7.73,4.46722669326802e-06,0.00384,1.803
"PSME_45349","BnaC04g02270D","Remorin_C@131567|A-1*,Remorin_C@131221|g-7,Remorin_C@4210|GQ-15,Remorin_C@3398|AB-9","GO:0005515,GO:0005634,GO:0005737,GO:0005886,GO:0009414,GO:0009651,GO:0009737,GO:0010555,GO:0019900","-","S","Remorin_C_108_213","BnaC04g02270D (PSME_45349)",2.91406355226233,7.33,4.82149545226214e-06,0.00395,2.914
"PSME_25848","ERF1-2","eRF1_2@131567|C-2,eRF1_2@3398|Avs-35,eRF1_2@131221|uS-23,eRF1_1@3398|AHv-27,eRF1_1@131221|ACZ-26,eRF1_1@131567|C-2,eRF1_3@33090|ALq-27,eRF1_3@131567|C-2","GO:0003747,GO:0005737,GO:0006415,GO:0009536","03015","COG1503","eRF1_1_18_138,eRF1_2_144_277,eRF1_3_281_418","ERF1-2 (PSME_25848)",2.49310914136864,7.31,5.40703099388153e-06,0.00403,2.493
"PSME_30500","IQD14","DUF4005@131567|N-4,DUF4005@3398|GM-12,DUF4005@3193|Bh-9,IQ@3398|GhR-36,IQ@3193|DVc-29,IQ@131567|VF-15","GO:0003674,GO:0005515,GO:0005516,GO:0005634,GO:0005635,GO:0005874,GO:0005886,GO:0008150,GO:0009739,GO:0010091,GO:0051592","-","S","DUF4005_338_426,IQ_111_125,IQ_87_105","IQD14 (PSME_30500)",-1.87664004115892,6.6,5.39389151744525e-06,0.00403,-1.877
"PSME_09464","GGPPS1","polyprenyl_synt@131567|GW-13,polyprenyl_synt@3398|Rkp-50","GO:0004161,GO:0004311,GO:0005515,GO:0005737,GO:0005829,GO:0008299,GO:0009507,GO:0009513,GO:0009536,GO:0009793,GO:0043693","00900,01100,01110","S","polyprenyl_synt_117_355","GGPPS1 (PSME_09464)",2.29477623406783,5.61,5.35039148822889e-06,0.00403,2.295
"PSME_12584","LOC106763963","Usp@3398|HMM-29,Usp@131567|BZ-9,Usp@2231393|btG-42,Usp@35493|AnQ-21,Usp@58023|CbG-24","-","-","S","Usp_6_153","LOC106763963 (PSME_12584)",3.81120185222402,6.43,6.05814683807811e-06,0.00438,3.811
"PSME_25937","TET3","Tetraspanin@131567|A-1*,Tetraspanin@2759|B-2,Tetraspanin@3398|UI-17,Tetraspanin@58023|Kt-15,Tetraspanin@35493|Fi-13","GO:0003674,GO:0005576,GO:0005829,GO:0005886,GO:0009506","-","S","Tetraspanin_6_256","TET3 (PSME_25937)",1.66635676548767,7.54,6.24374119170868e-06,0.00439,1.666
"PSME_46982","BAM9","Glyco_hydro_14@33090|CG-11,Glyco_hydro_14@131567|BV-10","GO:0005576","00500,01100,01110","S","Glyco_hydro_14_94_496","BAM9 (PSME_46982)",1.45050560369601,8.2,6.52069401679571e-06,0.00446,1.451
"PSME_26535","LOC101494202","Pkinase|QDI4TY@131567,Pkinase|QDI4TY@131221","GO:0002221,GO:0004672,GO:0004674,GO:0005515,GO:0005634,GO:0005886,GO:0006952,GO:0042742,GO:0043410,GO:0045087,GO:0045088,GO:0046777,GO:0050832,GO:0071323,GO:0106310,GO:1900150,GO:1900426","04626","-","Pkinase_91_300","LOC101494202 (PSME_26535)",1.92159050658739,4.79,7.21376268568498e-06,0.0048,1.922
"PSME_23508","INT2","Sugar_tr@3398|EzA-36,Sugar_tr@33090|CeG-33,Sugar_tr@131567|hD-21!","GO:0005366,GO:0005886,GO:0015798,GO:0023052,GO:0090406","-","COG2814","Sugar_tr_31_365,Sugar_tr_448_552","INT2 (PSME_23508)",2.42255006509338,7.21,7.57596789038946e-06,0.0049,2.423
"PSME_29969","ICI2_0","potato_inhibit@4479|Q-5,potato_inhibit@131567|D-3,potato_inhibit@147369|CN-9!","-","-","S","potato_inhibit_6_68","ICI2_0 (PSME_29969)",3.68212618189852,6.37,8.3408856042823e-06,0.00526,3.682
"PSME_49418","VAB","Auxin_canalis@131567|A-1*,Auxin_canalis@35493|q-8,Auxin_canalis@2759|W-6,PH_2@131567|A-1*,PH_2@35493|O-4","GO:0005515,GO:0005634,GO:0005802,GO:0006892,GO:0009507,GO:0009733,GO:0009734,GO:0010087,GO:0010305","-","S","Auxin_canalis_100_363,PH_2_397_499","VAB (PSME_49418)",-2.93231594842255,4.91,9.22224914938245e-06,0.00567,-2.932
"PSME_49317","LOC103719448","Transketolase_C@131567|Am-7,Transketolase_C@35493|DMF-25,Transket_pyr@35493|DHS-24,Transket_pyr@131567|AO-7,Transketolase_N@35493|FOj-27,Transketolase_N@131567|G-3","-","00030,00710,01100,01110,01200,01230","COG0021","Transket_pyr_433_603,Transketolase_C_631_736,Transketolase_N_82_415","LOC103719448 (PSME_49317)",4.1301495339371,5.55,9.715503148796e-06,0.00583,4.13
"PSME_30863","LOC112283619","SMP@131567|A-1","GO:0003674,GO:0005515,GO:0005634,GO:0005730,GO:0005737,GO:0005829,GO:0006873,GO:0008150,GO:0009845,GO:0010226,GO:0035617,GO:0050821","-","S","SMP_10_63,SMP_122_179,SMP_186_245","LOC112283619 (PSME_30863)",2.98452189849252,5.2,1.02575257097976e-05,0.00601,2.985
"PSME_51127","LOC107825380","Usp@131567|MI-14,Usp@91888|RPV-35","-","-","COG0589","Usp_36_163","LOC107825380 (PSME_51127)",1.69202209473734,7.22,1.10185412398559e-05,0.00602,1.692
"PSME_45300","P5CS","Aldedh@131567|B-2,Aldedh@1437183|FUD-27,AA_kinase@3398|BOh-24,AA_kinase@131567|z-6","GO:0005737,GO:0005739,GO:0005794,GO:0009506,GO:0009507,GO:0017084,GO:0055129","00330,01100,01110,01230","COG0263","AA_kinase_15_260,Aldedh_297_556","P5CS (PSME_45300)",2.64193648944609,5.78,1.09672447695579e-05,0.00602,2.642
"PSME_14787","LEA14-A","LEA_2@131567|u-7","GO:0003674,GO:0005829,GO:0005886,GO:0009611,GO:0009644,GO:0050832","-","COG5608","LEA_2_45_140","LEA14-A (PSME_14787)",3.62319110984772,9.25,1.08451650392709e-05,0.00602,3.623
"PSME_33362","LOC107951676","HMA@131567|Rf-14,HMA@1437183|GPk-34,HMA@3398|Dxi-30,HMA@58023|Cye-28,HMA@1437201|JpI-39","-","-","S","HMA_33_87","LOC107951676 (PSME_33362)",3.08336558082259,5.18,1.20252061621387e-05,0.0061,3.083
"PSME_30368","Hyd2","p450@58023|Ait-17,p450@3193|iK-14,p450@3977|SRV-29,p450@131567|E-3","GO:0001666,GO:0005576,GO:0009414,GO:0009507,GO:0009639,GO:0009687,GO:0010295,GO:0046345,GO:0048838,GO:0050832,GO:0071456","00906,01110","COG2124","p450_39_457","Hyd2 (PSME_30368)",3.25677522567807,5.61,1.21429251763344e-05,0.0061,3.257
"PSME_34396","LOC112273017","Malate_synthase@131567|A-1","GO:0004474,GO:0005634","00620,00630,01100,01110,01200","COG2225","Malate_synthase_29_546","LOC112273017 (PSME_34396)",3.19979557787671,8.61,1.19357838051286e-05,0.0061,3.2
"PSME_23824","NFD4","Nodulin-like@131567|A-1,Nodulin-like@35493|Ei-13,Nodulin-like@33090|AU-8,Nodulin-like@3193|Gh-15,MFS_1@131567|Jx-12,MFS_1@58023|CKY-24,MFS_1@35493|BkV-23","-","-","S","MFS_1_341_533,Nodulin-like_18_263","NFD4 (PSME_23824)",3.03943443835832,4.07,1.18252157872271e-05,0.0061,3.039
"PSME_30477","SUS4","Sucrose_synth@131567|AP-7,Glycos_transf_1@131567|AMo-19,Glycos_transf_1@33090|sLX-39!","GO:0001666,GO:0005829,GO:0005982,GO:0005985,GO:0009414,GO:0009505,GO:0009507,GO:0009536,GO:0010431,GO:0010555,GO:0016157","00500,01100,01110","S","Glycos_transf_1_560_739,Sucrose_synth_8_554","SUS4 (PSME_30477)",4.13292957108859,6.3,1.27365156951188e-05,0.00627,4.133
"PSME_21630","PSME_21630","Uncharacterized protein","-","-","-","PhoD_197_335","PSME_21630 (PSME_21630)",1.72285293183372,5.77,1.49887841864554e-05,0.00695,1.723
"PSME_50917","LOC107939201","Na_Ca_ex@3745|sM-18,Na_Ca_ex@131567|C-2,Na_Ca_ex@1437183|Jh-13,Na_Ca_ex@3398|Cs-10,EF-hand_7@131567|IU-12,EF-hand_7@3745|Eug-32,EF-hand_7@1437183|CBA-26","GO:0000325,GO:0003729,GO:0005432,GO:0005509,GO:0005773,GO:0005774,GO:0005886,GO:0009506,GO:0009507,GO:0016020,GO:0055074,GO:0071472","04016,04070,04075,04626","S","EF-hand_7_300_360,Na_Ca_ex_428_570,Na_Ca_ex_82_258","LOC107939201 (PSME_50917)",1.93054069641397,6.76,1.46910373680384e-05,0.00695,1.931
"PSME_47115","PCKA","PEPCK_ATP@131567|A-1,PEPCK_ATP@41768|Bcf-37,PEPCK_ATP@3398|AyP-33","GO:0004612,GO:0005730,GO:0005737,GO:0016036,GO:0050832","00010,00020,00620,00710,01100,01110,01200","S","PEPCK_ATP_142_609","PCKA (PSME_47115)",2.67670030110639,7.76,1.52640402290307e-05,0.00695,2.677
"PSME_50041","LOC104595819","WCOR413@131567|A-1*,WCOR413@35493|C-2,WCOR413@3398|u-7","GO:0000325,GO:0003674,GO:0005739,GO:0005886","-","S","WCOR413_9_190","LOC104595819 (PSME_50041)",1.79282521716117,6.95,1.44566782939426e-05,0.00695,1.793
"PSME_46563","LOC101496564","COPI_assoc@2759|A-1","GO:0000139,GO:0003674,GO:0005575,GO:0005635,GO:0005737,GO:0005783,GO:0005794,GO:0008150,GO:0016192,GO:0042802","03018","S","COPI_assoc_33_161","LOC101496564 (PSME_46563)",2.25250523297664,5.76,1.55619361404701e-05,0.00696,2.253
"PSME_25940","BnaA08g20890D","PP2C@131567|A-1,PP2C@131567|AK-6,PP2C@2759|gx-16","GO:0004721,GO:0005515,GO:0005634,GO:0005739,GO:0005829,GO:0005886,GO:0006470,GO:0009506,GO:0009507,GO:0010161,GO:0010494","00030,00710,01100,01110,01200,01230,04011","S","PP2C_8_225","BnaA08g20890D (PSME_25940)",2.19112297444054,4.48,1.64850585963821e-05,0.00699,2.191
"PSME_46281","OMT2","Methyltransf_2@3398|Fq-12,Methyltransf_2@3193|Aa-8,Methyltransf_2@131567|B-2!,Dimerisation@131567|A-1*,Dimerisation@2759|B-2,Dimerisation@58023|v-7,Dimerisation@3398|Ks-15","GO:0005737,GO:0008168,GO:0008171,GO:0008757,GO:0009266,GO:0009611,GO:0009723,GO:0009751,GO:0009753,GO:0009809,GO:0017096,GO:0030187,GO:0032259,GO:0042542,GO:0044550,GO:0047763,GO:0051555,GO:0102822,GO:0102913","00380,00940,01100,01110","S","Dimerisation_29_80,Methyltransf_2_135_340","OMT2 (PSME_46281)",1.11602429467913,9.07,1.62935237089468e-05,0.00699,1.116
"PSME_49567","RZFP34","zf-RING_2@3398|Dru-31,zf-RING_2@2759|CkK-29,zf-RING_2@131567|Qr-18,zinc_ribbon_6@131567|A-1*,zinc_ribbon_6@2759|C-2,zf-CHY@131567|A-1,zf-CHY@131221|Jr-14,zf-CHY@58023|kF-21,zf-CHY@2759|r-6","GO:0005634,GO:0005737,GO:0010255,GO:0016567,GO:0061630","04120","S","zf-CHY_74_155,zf-RING_2_209_252,zinc_ribbon_6_257_315","RZFP34 (PSME_49567)",2.16516836968967,8.84,1.61929495609342e-05,0.00699,2.165
"PSME_30777","LOC109007854","UNK.0PFO@1437183|A-1","-","-","S","-","LOC109007854 (PSME_30777)",3.23534839099837,2.43,1.75883693071241e-05,0.00733,3.235
"PSME_14765","CYP791B2","p450@58023|dnf-32,p450@131567|c-5,p450@2759|eQ-13","GO:0000137,GO:0000162,GO:0000325,GO:0002213,GO:0002229,GO:0002933,GO:0003674,GO:0003958,GO:0004497,GO:0005515,GO:0005575,GO:0005576,GO:0005634,GO:0005739,GO:0005773,GO:0005777,GO:0005783,GO:0005788,GO:0005789,GO:0005794,GO:0005829,GO:0005886,GO:0006569,GO:0006722,GO:0006744,GO:0006952,GO:0008150,GO:0008216,GO:0008284,GO:0009411,GO:0009414,GO:0009416,GO:0009505,GO:0009506,GO:0009507,GO:0009536,GO:0009555,GO:0009611,GO:0009617,GO:0009625,GO:0009630,GO:0009641,GO:0009682,GO:0009684,GO:0009686,GO:0009698,GO:0009699,GO:0009700,GO:0009707,GO:0009717,GO:0009733,GO:0009737,GO:0009740,GO:0009759,GO:0009805,GO:0009808,GO:0009809,GO:0009813,GO:0009958,GO:0010039,GO:0010112,GO:0010114,GO:0010120,GO:0010154,GO:0010208,GO:0010224,GO:0010241,GO:0010286,GO:0010298,GO:0010333,GO:0010446,GO:0010584,GO:0012505,GO:0015996,GO:0016020,GO:0016101,GO:0016102,GO:0016491,GO:0016646,GO:0016705,GO:0016709,GO:0016710,GO:0016711,GO:0016712,GO:0016717,GO:0019395,GO:0019756,GO:0019760,GO:0019761,GO:0019825,GO:0020037,GO:0032502,GO:0033075,GO:0033310,GO:0033511,GO:0033771,GO:0035265,GO:0036201,GO:0036202,GO:0036209,GO:0040009,GO:0042343,GO:0042427,GO:0042430,GO:0042742,GO:0042802,GO:0043231,GO:0046246,GO:0046409,GO:0046424,GO:0046622,GO:0047055,GO:0047056,GO:0047084,GO:0047128,GO:0047720,GO:0047957,GO:0048000,GO:0048316,GO:0048364,GO:0048437,GO:0048653,GO:0048830,GO:0050370,GO:0050592,GO:0050832,GO:0051502,GO:0051553,GO:0051554,GO:0051762,GO:0051791,GO:0051792,GO:0052544,GO:0052615,GO:0052722,GO:0062150,GO:0071281,GO:0071395,GO:0071456,GO:0072532,GO:0072547,GO:0072548,GO:0072549,GO:0072550,GO:0072551,GO:0072552,GO:0080003,GO:0080004,GO:0080088,GO:0080110,GO:0090489,GO:0090709,GO:0097007,GO:0097008,GO:0097295,GO:0102001,GO:0102002,GO:0102171,GO:0102311,GO:0102469,GO:0102596,GO:0102597,GO:0102598,GO:0102614,GO:0102934,GO:0106144,GO:0106146,GO:0106149,GO:0106223,GO:0106244,GO:0106371,GO:1901045,GO:1902494","00073,00130,00380,00402,00460,00902,00904,00909,00940,00941,00943,00944,00945,00950,00960,00966,00981,00996,00999,01100,01110,01210,04016","S","p450_35_490","CYP791B2 (PSME_14765)",-2.13336878281552,6.06,1.79886409748039e-05,0.00736,-2.133
"PSME_19866","LOC104596321","NmrA@58023|eZ-18,NmrA@3398|CPF-26,NmrA@131567|Ab-7","GO:0016491,GO:0140782","00999,01100,01110","COG0451","NmrA_5_241","LOC104596321 (PSME_19866)",-1.90075543335234,8.29,1.82621583761693e-05,0.00736,-1.901
"PSME_34502","RPS27AA","ubiquitin@131567|KqE-36","GO:0000325,GO:0003729,GO:0005829,GO:0006511","04120","-","ubiquitin_155_226,ubiquitin_231_302,ubiquitin_3_74,ubiquitin_79_150","RPS27AA (PSME_34502)",1.66990390500511,8.9,1.88929019209892e-05,0.0075,1.67
"PSME_44888","LOC116211741","Acetyltransf_1@3398|BRT-23,Acetyltransf_1@131567|GL-13!","GO:0004596,GO:0005739,GO:0006474,GO:0008080,GO:0008999,GO:0018394,GO:0061733,GO:0120518,GO:1990189","-","COG0456","Acetyltransf_1_172_283","LOC116211741 (PSME_44888)",2.30462185709977,6.1,1.98782560505363e-05,0.00764,2.305
"PSME_38468","HXK1","Hexokinase_1@131567|C-2,Hexokinase_1@3398|mR-19,Hexokinase_1@58023|NL-14,Hexokinase_2@35493|Mo-15,Hexokinase_2@1437183|AZT-26,Hexokinase_2@131567|C-2,Hexokinase_2@3398|vI-21","GO:0000325,GO:0001046,GO:0004340,GO:0004396,GO:0005515,GO:0005634,GO:0005739,GO:0005741,GO:0006357,GO:0008270,GO:0008865,GO:0009507,GO:0009747,GO:0009749,GO:0010148,GO:0010182,GO:0010255,GO:0012501,GO:0019320,GO:0032991,GO:0090332,GO:2000032","00010,00051,00052,00500,00520,01100,01110,01200,01250","S","Hexokinase_1_43_242,Hexokinase_2_249_489","HXK1 (PSME_38468)",2.19346347371878,5.98,1.97345255507761e-05,0.00764,2.193
"PSME_03633","LOC112295802","TAXi_N@131567|A-1*,TAXi_N@3193|PT-14,TAXi_N@2759|Df-10,TAXi_C@3193|Ld-15,TAXi_C@131567|q-7,TAXi_C@33090|Ch-11","-","-","S","TAXi_C_394_545,TAXi_N_199_370","LOC112295802 (PSME_03633)",2.21840414850703,5.41,2.16511174686119e-05,0.00813,2.218
"PSME_37186","AMY3","Alpha-amylase@33090|KaH-37,Alpha-amylase@131567|Ln-16,Alpha-amyl_C2@131567|A-1,Alpha-amyl_C2@33090|Z-5","GO:0004556,GO:0005576,GO:0005983,GO:0009507,GO:0009570","00500,01100,01110","S","Alpha-amyl_C2_875_930,Alpha-amylase_571_855","AMY3 (PSME_37186)",1.60733983579507,6.17,2.18214388784948e-05,0.00813,1.607
"PSME_35056","SYT4","SMP_LBD@2759|A-1,SMP_LBD@35493|Bm-10,SMP_LBD@33090|Q-5,SMP_LBD@1437183|OB-19,SMP_LBD@3398|EQ-13,C2@3398|HsE-26,C2@35493|DNO-21,C2@131567|AGY-15","GO:0005515,GO:0005886,GO:0006979,GO:0008150,GO:0010761,GO:0061670,GO:0120009","-","S","C2_262_366,C2_441_543,SMP_LBD_70_248","SYT4 (PSME_35056)",2.09704831401317,5.57,2.39678265824423e-05,0.00859,2.097
"PSME_14226","F3'H-2","p450@131567|c-5,p450@3398|XKt-30,p450@2759|eQ-13","GO:0005576,GO:0009411,GO:0009733,GO:0009813,GO:0016711","00941,00944,01100,01110","S","p450_36_494","F3'H-2 (PSME_14226)",4.82527265892427,4.15,2.49079192982257e-05,0.00859,4.825
"PSME_34521","NPF5.6","PTR2@3398|AVD-23,PTR2@3193|eD-19,PTR2@33090|NX-16,PTR2@131567|C-2!","GO:0005290,GO:0005427,GO:0005515,GO:0005737,GO:0015333,GO:0015647,GO:0015817,GO:0015835,GO:0030163,GO:0033023,GO:0034157,GO:0034161,GO:0034165,GO:0035672,GO:0045089,GO:0048302,GO:0070424,GO:0070430,GO:0070434,GO:0071916,GO:0089708,GO:0140206","-","COG3104","PTR2_105_529","NPF5.6 (PSME_34521)",-2.63642302381196,5.61,2.42362200008277e-05,0.00859,-2.636
"PSME_23227","LOC100383531","PA@131567|B-2,PA@3193|SK-17,PA@2759|z-7,PA@4640|AKf-24,PA@3398|Vt-18","GO:0005515,GO:0005576,GO:0005634,GO:0005770,GO:0005783,GO:0005794,GO:0005802,GO:0005829,GO:0005886,GO:0006623,GO:0006896,GO:0007034,GO:0010209,GO:0017119","-","S","PA_84_162","LOC100383531 (PSME_23227)",1.17560681304963,6.77,2.48162605749943e-05,0.00859,1.176
"PSME_21973","Dctpp1","MazG-like@131567|A-1,MazG-like@33090|AOU-32,MazG-like@163735|Aqg-40","GO:0000287,GO:0005515,GO:0005634,GO:0005654,GO:0005739,GO:0005829,GO:0006253,GO:0009143,GO:0016462,GO:0032556,GO:0042262,GO:0042802,GO:0047429,GO:0047840","00240,01100,01232","S","MazG-like_66_135","Dctpp1 (PSME_21973)",-2.16271726214329,7.74,2.51429095321537e-05,0.00859,-2.163
"PSME_39560","LOC107904485","Usp@131567|BZ-9,Usp@35493|AnQ-21,Usp@58023|CbG-24","-","-","COG0589","Usp_203_356,Usp_6_164","LOC107904485 (PSME_39560)",2.9404036690507,6.98,2.71203106102532e-05,0.0087,2.94
"PSME_01081","LOC123121814","PI3_PI4_kinase@3398|Jq-15,PI3_PI4_kinase@35493|DF-12,PI3_PI4_kinase@131567|L-4","GO:0004430,GO:0005575,GO:0043424,GO:0046777,GO:0046854,GO:0071456","-","S","PI3_PI4_kinase_170_426","LOC123121814 (PSME_01081)",1.6932206011179,4.31,2.6849467543003e-05,0.0087,1.693
"PSME_47816","LOC101500608","UNK.5N09@2759|A-1,UNK.5N09@2231393|Au-11","GO:0003674","-","S","-","LOC101500608 (PSME_47816)",3.3969454150856,7.57,2.62415435032393e-05,0.0087,3.397
"PSME_50299","HXK1","Hexokinase_1@131567|C-2,Hexokinase_1@3398|mR-19,Hexokinase_1@58023|NL-14,Hexokinase_2@35493|Mo-15,Hexokinase_2@131567|C-2,Hexokinase_2@3398|vI-21","GO:0000325,GO:0001046,GO:0004340,GO:0004396,GO:0005515,GO:0005634,GO:0005739,GO:0005741,GO:0006357,GO:0008270,GO:0008865,GO:0009507,GO:0009747,GO:0009749,GO:0010148,GO:0010182,GO:0010255,GO:0012501,GO:0019320,GO:0032991,GO:0090332,GO:2000032","00010,00051,00052,00500,00520,01100,01110,01200,01250","S","Hexokinase_1_41_240,Hexokinase_2_247_487","HXK1 (PSME_50299)",1.71081411040802,7.23,2.61716288007845e-05,0.0087,1.711
"PSME_32631","LOC107921999","Raffinose_syn@131567|A-1,Raffinose_syn@3398|Ts-20,Raffinose_syn@33090|HE-14","GO:0005737,GO:0006979,GO:0009506,GO:0034484,GO:0052692","00052,01100","COG3345","Raffinose_syn_7_753","LOC107921999 (PSME_32631)",2.81895172332408,11.86,2.72452283902357e-05,0.0087,2.819
"PSME_18244","TLC1","TLC@131567|EE-12","GO:0005471,GO:0005737,GO:0005739,GO:0009507,GO:0009536,GO:0009941","-","COG3202","TLC_126_602","TLC1 (PSME_18244)",2.42326852543842,6.55,2.89808486028385e-05,0.00914,2.423
"PSME_45726","BGLU18","Glyco_hydro_1@3398|Aqg-31,Glyco_hydro_1@35493|yA-27,Glyco_hydro_1@1437183|Bbl-33,Glyco_hydro_1@131567|C-2!","GO:0000325,GO:0004565,GO:0005575,GO:0005576,GO:0005634,GO:0005739,GO:0005777,GO:0005783,GO:0005791,GO:0005829,GO:0005886,GO:0005903,GO:0008422,GO:0016020,GO:0016137,GO:0016324,GO:0033491,GO:0033907,GO:0047782,GO:0070062,GO:0098591,GO:0099503,GO:1902494","00460,00500,00999,01100,01110","COG2723","Glyco_hydro_1_24_494","BGLU18 (PSME_45726)",1.73868581142148,6.03,2.98300003836259e-05,0.00929,1.739
"PSME_00407","LOC103719045","zf-RING_2@2759|BRl-26,zf-RING_2@131567|Avc-25,zf-RING_2@3398|OHv-41!","GO:0002238,GO:0003674,GO:0004842,GO:0005515,GO:0005575,GO:0005576,GO:0005634,GO:0005737,GO:0005739,GO:0005768,GO:0005769,GO:0005783,GO:0005798,GO:0005886,GO:0006513,GO:0006952,GO:0008150,GO:0009409,GO:0009414,GO:0009416,GO:0009507,GO:0009555,GO:0009617,GO:0009737,GO:0009793,GO:0009901,GO:0009909,GO:0010200,GO:0010966,GO:0012501,GO:0016020,GO:0016567,GO:0030100,GO:0031625,GO:0031982,GO:0033591,GO:0042631,GO:0042742,GO:0043068,GO:0043562,GO:0048364,GO:0048443,GO:0048481,GO:0048577,GO:0050832,GO:0051301,GO:0051865,GO:0061630,GO:0061659,GO:0065003,GO:0070417,GO:0071456,GO:0071470,GO:0080141,GO:0098542,GO:1901000,GO:1903426,GO:2000028","-","S","zf-RING_2_86_129","LOC103719045 (PSME_00407)",7.1837899930367,1.76,3.10792070765169e-05,0.00932,7.184
"PSME_17646","CCR1","Epimerase@3398|OnT-30,Epimerase@58023|LCF-28,Epimerase@131567|KJ-12","GO:0004022,GO:0005515,GO:0005575,GO:0005634,GO:0005737,GO:0005783,GO:0005829,GO:0008106,GO:0009407,GO:0009507,GO:0009555,GO:0009646,GO:0009718,GO:0009813,GO:0009964,GO:0010422,GO:0010584,GO:0016131,GO:0016491,GO:0016621,GO:0016854,GO:0033729,GO:0042406,GO:0043473,GO:0045552,GO:0048316,GO:0050661,GO:0050832,GO:0080110,GO:0102386","00940,00941,00943,01100,01110","COG0451","Epimerase_9_247","CCR1 (PSME_17646)",4.13932679768354,9.14,3.08983531747325e-05,0.00932,4.139
"PSME_03685","EFL3","Elf4@131567|A-1*,Elf4@3398|AK-7,Elf4@33090|C-2!","GO:0005634,GO:0042803","-","S","Elf4_14_95","EFL3 (PSME_03685)",1.92121930455253,5.22,3.04088181988019e-05,0.00932,1.921
"PSME_17364","CIPK20","NAF@131567|A-1*,NAF@2759|C-2,NAF@3398|t-6,Pkinase|UVH6B6@2759,Pkinase|UVH6B6@1437183","GO:0004674,GO:0005515,GO:0005634,GO:0009737","-","S","NAF_319_378,Pkinase_12_266","CIPK20 (PSME_17364)",1.36755662535372,8.08,3.18544902615656e-05,0.00944,1.368
"PSME_47802","RNF144A","IBR@131567|d-5,IBR@1437183|ANP-21,IBR@3398|kP-18,IBR@35493|IL-12","-","-","S","IBR_159_220,IBR_240_287","RNF144A (PSME_47802)",1.95016238620719,7,3.24628897989409e-05,0.00951,1.95
"PSME_39237","LOC110775576","Lipase_3@1437183|AHb-23,Lipase_3@3398|yx-22,Lipase_3@131567|C-2!,EDS1_EP@131567|A-1*,EDS1_EP@33090|B-2,EDS1_EP@3398|D-3","GO:0001666,GO:0002213,GO:0005515,GO:0005634,GO:0005737,GO:0005829,GO:0009617,GO:0009625,GO:0009626,GO:0009627,GO:0009751,GO:0009862,GO:0010105,GO:0010150,GO:0010225,GO:0010310,GO:0010618,GO:0016298,GO:0031348,GO:0042742,GO:0050829,GO:0051707,GO:0060866,GO:0071327,GO:0080142,GO:0080151,GO:0106093,GO:1900367,GO:1900426,GO:1901183,GO:2000022,GO:2000031","-","S","EDS1_EP_396_608,Lipase_3_74_197","LOC110775576 (PSME_39237)",1.7615830292138,7.19,3.33462331533546e-05,0.00965,1.762
"PSME_20650","LOC109115890","UNK.IVUZ@1437183|z-7,UNK.IVUZ@58023|J-4,UNK.IVUZ@131567|B-2","GO:0003674,GO:0009507","-","S","-","LOC109115890 (PSME_20650)",3.31414859869947,6.05,3.43922789050954e-05,0.00972,3.314
"PSME_49921","LOC100834188","UNK.3F2T@3193|A-1","-","-","S","-","LOC100834188 (PSME_49921)",1.58650156735464,4.92,3.4147660195107e-05,0.00972,1.587
"PSME_44724","CCR1","Epimerase@3398|TBg-32,Epimerase@58023|MrT-29,Epimerase@131567|KJ-12","GO:0005575,GO:0005737,GO:0007623,GO:0009409,GO:0009699,GO:0009809,GO:0016616,GO:0016621,GO:0042754","00940,01100,01110","COG0451","Epimerase_15_247","CCR1 (PSME_44724)",2.09875986112666,5.07,3.58940528012334e-05,0.00995,2.099
"PSME_39206","RBOHH","NADPH_Ox@131567|A-1*,NADPH_Ox@3193|B-2,FAD_binding_8@131567|A-1,FAD_binding_8@2759|Cr-10,FAD_binding_8@3193|ek-18,Ferric_reduct@3193|Atg-22,Ferric_reduct@2759|is-17,NAD_binding_6@3193|ATB-26,NAD_binding_6@131567|Ip-18","GO:0005515,GO:0005634,GO:0008150,GO:0015252,GO:0016175,GO:0020037,GO:0050660,GO:0050661,GO:0106292","04016,04145","COG5126","FAD_binding_8_539_661,Ferric_reduct_341_497,NADPH_Ox_80_182,NAD_binding_6_668_844","RBOHH (PSME_39206)",2.52583147073463,6.2,3.60177206287662e-05,0.00995,2.526
